DATE,AVG,DEV
2008-01-01,42,2
2008-01-02,26,2
2008-01-03,30,8
2008-01-04,39,6
2008-01-05,46,7
2008-01-06,57,8
2008-01-07,62,8
2008-01-08,61,4
2008-01-09,60,2
2008-01-10,65,2
2008-01-11,51,3
2008-01-12,52,7
2008-01-13,49,6
2008-01-14,41,6
2008-01-15,42,5
2008-01-16,35,2
2008-01-17,36,1
2008-01-18,47,4
2008-01-19,32,1
2008-01-20,24,4
2008-01-21,34,6
2008-01-22,36,1
2008-01-23,44,3
2008-01-24,39,1
2008-01-25,35,6
2008-01-26,39,4
2008-01-27,45,7
2008-01-28,51,7
2008-01-29,55,8
2008-01-30,39,5
2008-01-31,42,4
2008-02-01,44,2
2008-02-02,47,9
2008-02-03,56,7
2008-02-04,58,6
2008-02-05,62,3
2008-02-06,64,1
2008-02-07,47,6
2008-02-08,51,7
2008-02-09,57,7
2008-02-10,56,7
2008-02-11,51,12
2008-02-12,60,6
2008-02-13,34,4
2008-02-14,43,11
2008-02-15,54,8
2008-02-16,62,5
2008-02-17,61,5
2008-02-18,48,3
2008-02-19,50,6
2008-02-20,56,8
2008-02-21,45,1
2008-02-22,44,2
2008-02-23,47,1
2008-02-24,49,7
2008-02-25,55,7
2008-02-26,53,4
2008-02-27,32,2
2008-02-28,39,7
2008-02-29,51,7
2008-03-01,57,6
2008-03-02,63,7
2008-03-03,64,7
2008-03-04,64,2
2008-03-05,46,8
2008-03-06,58,10
2008-03-07,61,4
2008-03-08,34,2
2008-03-09,44,8
2008-03-10,56,7
2008-03-11,51,3
2008-03-12,56,10
2008-03-13,64,8
2008-03-14,56,3
2008-03-15,64,5
2008-03-16,57,7
2008-03-17,57,7
2008-03-18,60,7
2008-03-19,64,1
2008-03-20,51,7
2008-03-21,58,8
2008-03-22,64,8
2008-03-23,50,8
2008-03-24,42,4
2008-03-25,47,8
2008-03-26,58,10
2008-03-27,63,9
2008-03-28,63,5
2008-03-29,62,5
2008-03-30,44,1
2008-03-31,49,4
2008-04-01,65,6
2008-04-02,67,7
2008-04-03,53,3
2008-04-04,60,7
2008-04-05,59,1
2008-04-06,58,4
2008-04-07,58,3
2008-04-08,61,5
2008-04-09,65,8
2008-04-10,69,6
2008-04-11,74,6
2008-04-12,61,1
2008-04-13,52,5
2008-04-14,44,3
2008-04-15,53,8
2008-04-16,60,8
2008-04-17,66,8
2008-04-18,67,7
2008-04-19,64,4
2008-04-20,65,6
2008-04-21,67,7
2008-04-22,69,7
2008-04-23,71,6
2008-04-24,71,6
2008-04-25,73,5
2008-04-26,70,4
2008-04-27,65,1
2008-04-28,62,1
2008-04-29,54,7
2008-04-30,63,10
2008-05-01,70,8
2008-05-02,71,7
2008-05-03,65,2
2008-05-04,69,6
2008-05-05,69,8
2008-05-06,72,8
2008-05-07,74,7
2008-05-08,75,6
2008-05-09,70,5
2008-05-10,75,4
2008-05-11,70,3
2008-05-12,63,6
2008-05-13,67,6
2008-05-14,66,4
2008-05-15,65,1
2008-05-16,69,3
2008-05-17,64,7
2008-05-18,70,5
2008-05-19,73,7
2008-05-20,76,5
2008-05-21,69,6
2008-05-22,74,6
2008-05-23,75,4
2008-05-24,78,7
2008-05-25,74,6
2008-05-26,74,6
2008-05-27,77,6
2008-05-28,76,3
2008-05-29,67,6
2008-05-30,72,5
2008-05-31,81,5
2008-06-01,78,4
2008-06-02,81,5
2008-06-03,82,5
2008-06-04,83,5
2008-06-05,84,6
2008-06-06,85,6
2008-06-07,86,6
2008-06-08,88,6
2008-06-09,89,6
2008-06-10,82,6
2008-06-11,83,5
2008-06-12,81,5
2008-06-13,79,6
2008-06-14,80,4
2008-06-15,83,5
2008-06-16,83,7
2008-06-17,83,6
2008-06-18,78,7
2008-06-19,78,7
2008-06-20,80,6
2008-06-21,75,6
2008-06-22,80,5
2008-06-23,81,6
2008-06-24,82,8
2008-06-25,87,6
2008-06-26,84,5
2008-06-27,84,6
2008-06-28,80,5
2008-06-29,73,15
2008-06-30,77,5
2008-07-01,77,6
2008-07-02,80,6
2008-07-03,83,6
2008-07-04,82,5
2008-07-05,77,3
2008-07-06,74,4
2008-07-07,80,6
2008-07-08,84,5
2008-07-09,82,5
2008-07-10,76,4
2008-07-11,79,5
2008-07-12,79,8
2008-07-13,74,3
2008-07-14,81,5
2008-07-15,82,5
2008-07-16,82,5
2008-07-17,82,4
2008-07-18,83,5
2008-07-19,84,5
2008-07-20,86,6
2008-07-21,87,6
2008-07-22,80,7
2008-07-23,79,4
2008-07-24,82,5
2008-07-25,81,3
2008-07-26,79,4
2008-07-27,80,6
2008-07-28,86,5
2008-07-29,82,6
2008-07-30,81,5
2008-07-31,80,4
2008-08-01,80,5
2008-08-02,72,28
2008-08-03,83,4
2008-08-04,84,5
2008-08-05,86,5
2008-08-06,88,5
2008-08-07,82,4
2008-08-08,80,4
2008-08-09,79,6
2008-08-10,78,5
2008-08-11,82,5
2008-08-12,74,3
2008-08-13,74,4
2008-08-14,75,4
2008-08-15,80,6
2008-08-16,79,3
2008-08-17,79,4
2008-08-18,79,5
2008-08-19,83,5
2008-08-20,83,5
2008-08-21,78,3
2008-08-22,76,2
2008-08-23,75,1
2008-08-24,77,3
2008-08-25,74,2
2008-08-26,75,2
2008-08-27,74,2
2008-08-28,79,5
2008-08-29,81,6
2008-08-30,83,4
2008-08-31,82,4
2008-09-01,77,1
2008-09-02,79,4
2008-09-03,77,4
2008-09-04,79,6
2008-09-05,80,6
2008-09-06,79,4
2008-09-07,81,6
2008-09-08,80,5
2008-09-09,78,4
2008-09-10,78,5
2008-09-11,77,2
2008-09-12,78,5
2008-09-13,80,4
2008-09-14,79,5
2008-09-15,76,1
2008-09-16,71,5
2008-09-17,65,1
2008-09-18,75,5
2008-09-19,74,5
2008-09-20,71,6
2008-09-21,69,4
2008-09-22,75,7
2008-09-23,74,5
2008-09-24,70,6
2008-09-25,73,8
2008-09-26,72,7
2008-09-27,70,5
2008-09-28,77,7
2008-09-29,78,6
2008-09-30,78,8
2008-10-01,68,5
2008-10-02,65,8
2008-10-03,71,6
2008-10-04,74,7
2008-10-05,75,8
2008-10-06,73,7
2008-10-07,73,7
2008-10-08,64,1
2008-10-09,68,3
2008-10-10,70,3
2008-10-11,72,4
2008-10-12,70,4
2008-10-13,69,3
2008-10-14,71,6
2008-10-15,73,7
2008-10-16,75,7
2008-10-17,65,1
2008-10-18,60,4
2008-10-19,58,4
2008-10-20,58,7
2008-10-21,62,9
2008-10-22,60,5
2008-10-23,55,3
2008-10-24,51,2
2008-10-25,58,6
2008-10-26,61,9
2008-10-27,52,1
2008-10-28,44,4
2008-10-29,49,8
2008-10-30,56,7
2008-10-31,59,8
2008-11-01,62,10
2008-11-02,63,8
2008-11-03,64,6
2008-11-04,67,5
2008-11-05,66,6
2008-11-06,68,6
2008-11-07,67,5
2008-11-08,59,6
2008-11-09,52,5
2008-11-10,53,8
2008-11-11,55,5
2008-11-12,53,2
2008-11-13,55,3
2008-11-14,60,2
2008-11-15,53,2
2008-11-16,43,4
2008-11-17,52,8
2008-11-18,39,3
2008-11-19,42,8
2008-11-20,54,7
2008-11-21,38,2
2008-11-22,39,6
2008-11-23,49,7
2008-11-24,51,3
2008-11-25,49,5
2008-11-26,48,8
2008-11-27,56,8
2008-11-28,59,4
2008-11-29,54,0
2008-11-30,45,2
2008-12-01,38,2
2008-12-02,40,4
2008-12-03,45,7
2008-12-04,45,2
2008-12-05,40,6
2008-12-06,41,5
2008-12-07,40,4
2008-12-08,45,7
2008-12-09,53,8
2008-12-10,60,1
2008-12-11,60,2
2008-12-12,43,4
2008-12-13,41,6
2008-12-14,42,2
2008-12-15,57,5
2008-12-16,60,4
2008-12-17,66,2
2008-12-18,66,2
2008-12-19,63,2
2008-12-20,67,1
2008-12-21,45,1
2008-12-22,27,5
2008-12-23,40,5
2008-12-24,52,6
2008-12-25,53,2
2008-12-26,53,0
2008-12-27,56,3
2008-12-28,59,3
2008-12-29,53,4
2008-12-30,56,9
2008-12-31,47,0
2009-01-01,41,6
2009-01-02,44,1
2009-01-03,52,3
2009-01-04,58,3
2009-01-05,63,2
2009-01-06,66,2
2009-01-07,51,2
2009-01-08,52,4
2009-01-09,49,9
2009-01-10,57,5
2009-01-11,39,1
2009-01-12,43,7
2009-01-13,47,6
2009-01-14,39,9
2009-01-15,34,2
2009-01-16,24,6
2009-01-17,33,6
2009-01-18,46,3
2009-01-19,43,4
2009-01-20,28,3
2009-01-21,32,7
2009-01-22,44,8
2009-01-23,55,6
2009-01-24,53,1
2009-01-25,45,6
2009-01-26,47,3
2009-01-27,51,6
2009-01-28,53,4
2009-01-29,41,6
2009-01-30,40,4
2009-01-31,46,6
2009-02-01,52,8
2009-02-02,47,5
2009-02-03,41,7
2009-02-04,26,5
2009-02-05,33,8
2009-02-06,51,10
2009-02-07,58,8
2009-02-08,62,7
2009-02-09,63,5
2009-02-10,62,6
2009-02-11,63,4
2009-02-12,59,5
2009-02-13,60,7
2009-02-14,53,2
2009-02-15,53,6
2009-02-16,46,5
2009-02-17,45,6
2009-02-18,56,7
2009-02-19,47,1
2009-02-20,38,6
2009-02-21,49,7
2009-02-22,41,5
2009-02-23,41,6
2009-02-24,44,7
2009-02-25,49,5
2009-02-26,60,5
2009-02-27,54,0
2009-02-28,58,4
2009-03-01,36,3
2009-03-02,35,5
2009-03-03,36,6
2009-03-04,45,6
2009-03-05,55,8
2009-03-06,61,6
2009-03-07,62,6
2009-03-08,62,7
2009-03-09,71,6
2009-03-10,72,5
2009-03-11,70,5
2009-03-12,62,9
2009-03-13,53,2
2009-03-14,42,1
2009-03-15,48,3
2009-03-16,55,2
2009-03-17,60,7
2009-03-18,54,5
2009-03-19,64,8
2009-03-20,58,5
2009-03-21,54,7
2009-03-22,58,9
2009-03-23,62,8
2009-03-24,59,6
2009-03-25,60,2
2009-03-26,60,3
2009-03-27,60,2
2009-03-28,59,0
2009-03-29,47,2
2009-03-30,55,9
2009-03-31,57,3
2009-04-01,61,3
2009-04-02,60,1
2009-04-03,57,1
2009-04-04,63,10
2009-04-05,59,2
2009-04-06,45,1
2009-04-07,40,3
2009-04-08,55,11
2009-04-09,66,8
2009-04-10,65,5
2009-04-11,56,3
2009-04-12,62,7
2009-04-13,57,4
2009-04-14,60,2
2009-04-15,55,4
2009-04-16,61,6
2009-04-17,62,6
2009-04-18,63,7
2009-04-19,63,3
2009-04-20,62,3
2009-04-21,63,5
2009-04-22,62,7
2009-04-23,73,6
2009-04-24,77,8
2009-04-25,77,7
2009-04-26,73,6
2009-04-27,69,5
2009-04-28,72,5
2009-04-29,73,6
2009-04-30,72,6
2009-05-01,71,3
2009-05-02,70,4
2009-05-03,71,4
2009-05-04,66,4
2009-05-05,72,5
2009-05-06,69,4
2009-05-07,74,4
2009-05-08,74,4
2009-05-09,73,4
2009-05-10,70,4
2009-05-11,69,4
2009-05-12,65,4
2009-05-13,64,3
2009-05-14,72,5
2009-05-15,78,4
2009-05-16,68,2
2009-05-17,62,3
2009-05-18,59,5
2009-05-19,63,6
2009-05-20,68,5
2009-05-21,67,2
2009-05-22,68,3
2009-05-23,70,3
2009-05-24,72,3
2009-05-25,71,3
2009-05-26,72,3
2009-05-27,74,5
2009-05-28,75,5
2009-05-29,73,4
2009-05-30,74,7
2009-05-31,81,6
2009-06-01,82,5
2009-06-02,83,6
2009-06-03,79,5
2009-06-04,71,1
2009-06-05,72,3
2009-06-06,73,5
2009-06-07,77,5
2009-06-08,79,5
2009-06-09,81,5
2009-06-10,81,4
2009-06-11,81,4
2009-06-12,82,4
2009-06-13,76,4
2009-06-14,76,5
2009-06-15,78,6
2009-06-16,83,6
2009-06-17,83,6
2009-06-18,86,5
2009-06-19,85,6
2009-06-20,86,6
2009-06-21,87,5
2009-06-22,87,5
2009-06-23,86,5
2009-06-24,85,5
2009-06-25,85,6
2009-06-26,87,7
2009-06-27,87,5
2009-06-28,86,5
2009-06-29,84,5
2009-06-30,83,8
2009-07-01,87,6
2009-07-02,83,6
2009-07-03,80,6
2009-07-04,82,7
2009-07-05,76,1
2009-07-06,76,4
2009-07-07,78,3
2009-07-08,77,2
2009-07-09,76,4
2009-07-10,77,4
2009-07-11,80,5
2009-07-12,80,6
2009-07-13,78,4
2009-07-14,82,5
2009-07-15,82,5
2009-07-16,83,4
2009-07-17,80,5
2009-07-18,74,5
2009-07-19,75,4
2009-07-20,74,6
2009-07-21,78,6
2009-07-22,77,5
2009-07-23,79,3
2009-07-24,80,6
2009-07-25,83,6
2009-07-26,84,5
2009-07-27,82,5
2009-07-28,80,6
2009-07-29,75,4
2009-07-30,74,2
2009-07-31,77,2
2009-08-01,80,5
2009-08-02,76,3
2009-08-03,81,5
2009-08-04,85,5
2009-08-05,85,5
2009-08-06,82,5
2009-08-07,84,5
2009-08-08,85,5
2009-08-09,86,5
2009-08-10,86,4
2009-08-11,87,5
2009-08-12,79,3
2009-08-13,81,6
2009-08-14,81,5
2009-08-15,79,5
2009-08-16,77,4
2009-08-17,79,5
2009-08-18,79,4
2009-08-19,82,4
2009-08-20,80,4
2009-08-21,79,5
2009-08-22,77,4
2009-08-23,73,5
2009-08-24,78,6
2009-08-25,80,5
2009-08-26,81,5
2009-08-27,76,3
2009-08-28,70,1
2009-08-29,75,6
2009-08-30,71,3
2009-08-31,73,3
2009-09-01,68,0
2009-09-02,72,4
2009-09-03,72,5
2009-09-04,77,4
2009-09-05,76,4
2009-09-06,79,4
2009-09-07,76,5
2009-09-08,79,6
2009-09-09,78,3
2009-09-10,72,4
2009-09-11,70,2
2009-09-12,76,4
2009-09-13,75,3
2009-09-14,77,3
2009-09-15,74,1
2009-09-16,75,3
2009-09-17,70,1
2009-09-18,73,3
2009-09-19,72,1
2009-09-20,75,3
2009-09-21,73,2
2009-09-22,75,5
2009-09-23,74,4
2009-09-24,78,4
2009-09-25,81,4
2009-09-26,74,4
2009-09-27,73,4
2009-09-28,77,4
2009-09-29,64,6
2009-09-30,64,8
2009-10-01,68,6
2009-10-02,67,4
2009-10-03,67,6
2009-10-04,66,4
2009-10-05,58,2
2009-10-06,64,3
2009-10-07,73,2
2009-10-08,72,7
2009-10-09,77,5
2009-10-10,69,2
2009-10-11,66,7
2009-10-12,61,1
2009-10-13,65,5
2009-10-14,63,1
2009-10-15,55,3
2009-10-16,53,1
2009-10-17,48,1
2009-10-18,47,6
2009-10-19,51,7
2009-10-20,58,9
2009-10-21,62,7
2009-10-22,64,7
2009-10-23,69,2
2009-10-24,54,0
2009-10-25,54,8
2009-10-26,58,5
2009-10-27,54,0
2009-10-28,63,5
2009-10-29,68,5
2009-10-30,60,1
2009-10-31,57,3
2009-11-01,55,6
2009-11-02,56,5
2009-11-03,62,9
2009-11-04,61,8
2009-11-05,60,5
2009-11-06,58,6
2009-11-07,61,7
2009-11-08,66,7
2009-11-09,61,2
2009-11-10,58,0
2009-11-11,59,2
2009-11-12,57,6
2009-11-13,63,9
2009-11-14,64,8
2009-11-15,64,8
2009-11-16,61,7
2009-11-17,57,1
2009-11-18,53,3
2009-11-19,53,6
2009-11-20,57,7
2009-11-21,56,5
2009-11-22,46,0
2009-11-23,48,1
2009-11-24,50,2
2009-11-25,55,4
2009-11-26,51,5
2009-11-27,48,6
2009-11-28,55,7
2009-11-29,59,6
2009-11-30,55,2
2009-12-01,47,4
2009-12-02,50,4
2009-12-03,45,1
2009-12-04,45,3
2009-12-05,37,1
2009-12-06,39,5
2009-12-07,44,4
2009-12-08,45,0
2009-12-09,64,2
2009-12-10,40,3
2009-12-11,35,4
2009-12-12,36,1
2009-12-13,41,3
2009-12-14,53,2
2009-12-15,59,3
2009-12-16,45,4
2009-12-17,44,5
2009-12-18,36,0
2009-12-19,43,1
2009-12-20,38,2
2009-12-21,44,7
2009-12-22,51,7
2009-12-23,49,5
2009-12-24,45,3
2009-12-25,50,2
2009-12-26,40,5
2009-12-27,46,7
2009-12-28,37,2
2009-12-29,39,5
2009-12-30,43,2
2009-12-31,40,2
2010-01-01,42,2
2010-01-02,29,3
2010-01-03,28,4
2010-01-04,26,4
2010-01-05,27,5
2010-01-06,30,6
2010-01-07,36,3
2010-01-08,20,2
2010-01-09,24,6
2010-01-10,27,5
2010-01-11,34,9
2010-01-12,33,2
2010-01-13,38,9
2010-01-14,44,8
2010-01-15,50,9
2010-01-16,46,1
2010-01-17,53,2
2010-01-18,53,6
2010-01-19,56,7
2010-01-20,59,5
2010-01-21,55,3
2010-01-22,44,3
2010-01-23,42,0
2010-01-24,58,5
2010-01-25,49,2
2010-01-26,43,4
2010-01-27,42,7
2010-01-28,53,8
2010-01-29,45,2
2010-01-30,34,0
2010-01-31,35,6
2010-02-01,44,6
2010-02-02,42,2
2010-02-03,47,5
2010-02-04,40,1
2010-02-05,38,0
2010-02-06,37,2
2010-02-07,40,5
2010-02-08,43,6
2010-02-09,44,2
2010-02-10,31,3
2010-02-11,36,5
2010-02-12,35,2
2010-02-13,32,4
2010-02-14,43,8
2010-02-15,37,2
2010-02-16,29,3
2010-02-17,36,6
2010-02-18,43,6
2010-02-19,48,7
2010-02-20,54,8
2010-02-21,58,7
2010-02-22,54,3
2010-02-23,46,2
2010-02-24,39,4
2010-02-25,35,6
2010-02-26,40,6
2010-02-27,44,5
2010-02-28,47,5
2010-03-01,47,7
2010-03-02,36,1
2010-03-03,39,3
2010-03-04,43,5
2010-03-05,47,6
2010-03-06,50,7
2010-03-07,51,9
2010-03-08,61,10
2010-03-09,62,7
2010-03-10,49,1
2010-03-11,58,4
2010-03-12,57,1
2010-03-13,48,1
2010-03-14,48,2
2010-03-15,49,4
2010-03-16,52,5
2010-03-17,48,1
2010-03-18,55,6
2010-03-19,62,9
2010-03-20,63,8
2010-03-21,55,2
2010-03-22,39,2
2010-03-23,52,9
2010-03-24,63,9
2010-03-25,57,2
2010-03-26,51,1
2010-03-27,55,6
2010-03-28,60,6
2010-03-29,53,2
2010-03-30,58,9
2010-03-31,66,10
2010-04-01,71,10
2010-04-02,73,9
2010-04-03,70,6
2010-04-04,75,7
2010-04-05,77,8
2010-04-06,76,7
2010-04-07,72,6
2010-04-08,64,1
2010-04-09,59,7
2010-04-10,63,7
2010-04-11,66,7
2010-04-12,71,7
2010-04-13,71,7
2010-04-14,72,7
2010-04-15,69,8
2010-04-16,75,7
2010-04-17,72,6
2010-04-18,65,6
2010-04-19,63,7
2010-04-20,60,2
2010-04-21,63,7
2010-04-22,70,7
2010-04-23,75,7
2010-04-24,63,2
2010-04-25,73,4
2010-04-26,62,2
2010-04-27,58,4
2010-04-28,60,7
2010-04-29,66,7
2010-04-30,71,9
2010-05-01,73,4
2010-05-02,81,5
2010-05-03,70,1
2010-05-04,75,5
2010-05-05,76,6
2010-05-06,79,6
2010-05-07,80,5
2010-05-08,72,1
2010-05-09,62,6
2010-05-10,59,4
2010-05-11,67,7
2010-05-12,77,5
2010-05-13,79,5
2010-05-14,79,4
2010-05-15,79,5
2010-05-16,77,5
2010-05-17,75,5
2010-05-18,76,5
2010-05-19,70,6
2010-05-20,74,6
2010-05-21,66,3
2010-05-22,75,6
2010-05-23,82,7
2010-05-24,77,4
2010-05-25,74,4
2010-05-26,76,6
2010-05-27,79,6
2010-05-28,78,7
2010-05-29,74,4
2010-05-30,73,3
2010-05-31,75,5
2010-06-01,75,4
2010-06-02,75,5
2010-06-03,78,5
2010-06-04,76,3
2010-06-05,81,5
2010-06-06,79,3
2010-06-07,77,6
2010-06-08,78,5
2010-06-09,82,5
2010-06-10,81,4
2010-06-11,86,4
2010-06-12,86,5
2010-06-13,87,4
2010-06-14,88,5
2010-06-15,81,8
2010-06-16,81,6
2010-06-17,83,6
2010-06-18,85,4
2010-06-19,83,5
2010-06-20,85,7
2010-06-21,87,5
2010-06-22,85,5
2010-06-23,85,5
2010-06-24,87,5
2010-06-25,88,4
2010-06-26,85,5
2010-06-27,86,5
2010-06-28,84,5
2010-06-29,86,5
2010-06-30,78,3
2010-07-01,80,3
2010-07-02,77,3
2010-07-03,77,4
2010-07-04,78,5
2010-07-05,80,6
2010-07-06,82,5
2010-07-07,87,5
2010-07-08,89,7
2010-07-09,88,5
2010-07-10,83,5
2010-07-11,86,6
2010-07-12,79,4
2010-07-13,78,6
2010-07-14,80,7
2010-07-15,87,5
2010-07-16,83,4
2010-07-17,80,3
2010-07-18,78,2
2010-07-19,82,6
2010-07-20,85,4
2010-07-21,86,4
2010-07-22,87,5
2010-07-23,86,6
2010-07-24,87,5
2010-07-25,88,5
2010-07-26,84,7
2010-07-27,84,6
2010-07-28,83,3
2010-07-29,86,5
2010-07-30,88,6
2010-07-31,86,4
2010-08-01,87,5
2010-08-02,78,4
2010-08-03,83,4
2010-08-04,87,5
2010-08-05,87,5
2010-08-06,83,6
2010-08-07,82,6
2010-08-08,86,5
2010-08-09,87,5
2010-08-10,87,5
2010-08-11,88,5
2010-08-12,88,6
2010-08-13,86,4
2010-08-14,79,3
2010-08-15,82,4
2010-08-16,82,3
2010-08-17,83,4
2010-08-18,86,4
2010-08-19,83,4
2010-08-20,84,4
2010-08-21,84,5
2010-08-22,83,7
2010-08-23,85,5
2010-08-24,84,5
2010-08-25,79,5
2010-08-26,80,4
2010-08-27,82,5
2010-08-28,79,5
2010-08-29,78,3
2010-08-30,78,3
2010-08-31,81,5
2010-09-01,83,6
2010-09-02,83,6
2010-09-03,84,6
2010-09-04,76,5
2010-09-05,76,7
2010-09-06,80,8
2010-09-07,82,7
2010-09-08,83,6
2010-09-09,83,5
2010-09-10,86,7
2010-09-11,87,6
2010-09-12,79,6
2010-09-13,79,6
2010-09-14,81,8
2010-09-15,83,7
2010-09-16,80,7
2010-09-17,84,8
2010-09-18,84,6
2010-09-19,83,7
2010-09-20,87,8
2010-09-21,86,8
2010-09-22,82,6
2010-09-23,82,7
2010-09-24,82,6
2010-09-25,84,7
2010-09-26,68,2
2010-09-27,70,5
2010-09-28,66,8
2010-09-29,70,5
2010-09-30,68,4
2010-10-01,71,6
2010-10-02,69,7
2010-10-03,62,5
2010-10-04,58,7
2010-10-05,60,9
2010-10-06,63,9
2010-10-07,70,10
2010-10-08,73,6
2010-10-09,75,9
2010-10-10,75,10
2010-10-11,77,8
2010-10-12,73,6
2010-10-13,72,5
2010-10-14,67,4
2010-10-15,67,9
2010-10-16,65,9
2010-10-17,68,10
2010-10-18,69,8
2010-10-19,71,9
2010-10-20,69,5
2010-10-21,69,10
2010-10-22,67,10
2010-10-23,66,8
2010-10-24,69,9
2010-10-25,68,5
2010-10-26,76,5
2010-10-27,73,1
2010-10-28,56,27
2010-10-29,58,7
2010-10-30,61,9
2010-10-31,66,8
2010-11-01,67,5
2010-11-02,57,3
2010-11-03,47,1
2010-11-04,53,3
2010-11-05,46,2
2010-11-06,45,4
2010-11-07,49,7
2010-11-08,60,9
2010-11-09,66,8
2010-11-10,67,7
2010-11-11,67,8
2010-11-12,63,5
2010-11-13,61,6
2010-11-14,62,6
2010-11-15,56,0
2010-11-16,64,2
2010-11-17,53,5
2010-11-18,56,6
2010-11-19,59,4
2010-11-20,62,6
2010-11-21,64,6
2010-11-22,65,4
2010-11-23,66,3
2010-11-24,57,1
2010-11-25,65,4
2010-11-26,52,3
2010-11-27,46,6
2010-11-28,47,5
2010-11-29,45,1
2010-11-30,63,4
2010-12-01,39,3
2010-12-02,42,6
2010-12-03,51,7
2010-12-04,52,7
2010-12-05,37,1
2010-12-06,35,4
2010-12-07,34,5
2010-12-08,30,4
2010-12-09,39,6
2010-12-10,44,6
2010-12-11,45,4
2010-12-12,34,6
2010-12-13,24,2
2010-12-14,26,6
2010-12-15,31,2
2010-12-16,54,3
2010-12-17,45,5
2010-12-18,37,1
2010-12-19,39,6
2010-12-20,43,7
2010-12-21,51,5
2010-12-22,59,1
2010-12-23,39,5
2010-12-24,42,7
2010-12-25,36,1
2010-12-26,28,0
2010-12-27,32,3
2010-12-28,38,7
2010-12-29,46,7
2010-12-30,47,3
2010-12-31,58,7
2011-01-01,59,0
2011-01-02,47,3
2011-01-03,41,8
2011-01-04,49,7
2011-01-05,45,1
2011-01-06,44,2
2011-01-07,49,7
2011-01-08,42,4
2011-01-09,30,4
2011-01-10,28,0
2011-01-11,32,1
2011-01-12,25,2
2011-01-13,28,4
2011-01-14,35,8
2011-01-15,42,7
2011-01-16,46,6
2011-01-17,43,2
2011-01-18,42,2
2011-01-19,47,1
2011-01-20,41,3
2011-01-21,34,4
2011-01-22,36,5
2011-01-23,39,5
2011-01-24,46,6
2011-01-25,39,1
2011-01-26,40,1
2011-01-27,41,8
2011-01-28,51,6
2011-01-29,59,11
2011-01-30,62,6
2011-01-31,52,3
2011-02-01,43,1
2011-02-02,39,1
2011-02-03,35,3
2011-02-04,36,0
2011-02-05,43,3
2011-02-06,42,8
2011-02-07,44,5
2011-02-08,38,4
2011-02-09,40,4
2011-02-10,35,4
2011-02-11,41,6
2011-02-12,46,8
2011-02-13,55,9
2011-02-14,59,8
2011-02-15,55,6
2011-02-16,56,7
2011-02-17,56,9
2011-02-18,62,5
2011-02-19,67,7
2011-02-20,61,3
2011-02-21,63,6
2011-02-22,65,3
2011-02-23,56,6
2011-02-24,62,8
2011-02-25,61,3
2011-02-26,57,9
2011-02-27,66,6
2011-02-28,67,5
2011-03-01,57,7
2011-03-02,60,7
2011-03-03,61,5
2011-03-04,46,0
2011-03-05,55,2
2011-03-06,43,1
2011-03-07,47,6
2011-03-08,53,6
2011-03-09,56,0
2011-03-10,45,1
2011-03-11,46,5
2011-03-12,61,11
2011-03-13,64,10
2011-03-14,65,8
2011-03-15,50,2
2011-03-16,51,5
2011-03-17,63,11
2011-03-18,71,10
2011-03-19,73,8
2011-03-20,61,1
2011-03-21,66,8
2011-03-22,72,8
2011-03-23,69,6
2011-03-24,59,3
2011-03-25,56,9
2011-03-26,55,1
2011-03-27,52,3
2011-03-28,46,2
2011-03-29,47,3
2011-03-30,55,2
2011-03-31,49,3
2011-04-01,50,6
2011-04-02,61,8
2011-04-03,67,11
2011-04-04,73,9
2011-04-05,51,5
2011-04-06,61,9
2011-04-07,65,8
2011-04-08,72,4
2011-04-09,76,6
2011-04-10,77,6
2011-04-11,73,5
2011-04-12,63,5
2011-04-13,65,8
2011-04-14,69,6
2011-04-15,67,5
2011-04-16,61,2
2011-04-17,62,10
2011-04-18,69,8
2011-04-19,76,8
2011-04-20,71,4
2011-04-21,73,6
2011-04-22,64,3
2011-04-23,67,7
2011-04-24,76,7
2011-04-25,77,5
2011-04-26,73,4
2011-04-27,77,5
2011-04-28,66,3
2011-04-29,67,6
2011-04-30,71,7
2011-05-01,72,7
2011-05-02,73,6
2011-05-03,66,7
2011-05-04,58,6
2011-05-05,58,7
2011-05-06,64,7
2011-05-07,69,7
2011-05-08,73,7
2011-05-09,78,6
2011-05-10,81,6
2011-05-11,82,5
2011-05-12,81,6
2011-05-13,76,5
2011-05-14,68,3
2011-05-15,60,2
2011-05-16,57,3
2011-05-17,56,4
2011-05-18,59,6
2011-05-19,69,8
2011-05-20,79,7
2011-05-21,81,7
2011-05-22,83,7
2011-05-23,81,6
2011-05-24,81,6
2011-05-25,82,7
2011-05-26,75,5
2011-05-27,74,6
2011-05-28,74,7
2011-05-29,83,7
2011-05-30,83,6
2011-05-31,85,6
2011-06-01,89,6
2011-06-02,87,6
2011-06-03,88,5
2011-06-04,85,5
2011-06-05,86,7
2011-06-06,85,6
2011-06-07,84,6
2011-06-08,84,6
2011-06-09,86,6
2011-06-10,86,6
2011-06-11,80,4
2011-06-12,83,6
2011-06-13,85,6
2011-06-14,84,6
2011-06-15,82,7
2011-06-16,78,10
2011-06-17,78,5
2011-06-18,74,14
2011-06-19,84,6
2011-06-20,86,5
2011-06-21,87,6
2011-06-22,76,6
2011-06-23,77,3
2011-06-24,79,6
2011-06-25,80,8
2011-06-26,80,8
2011-06-27,78,6
2011-06-28,82,4
2011-06-29,82,6
2011-06-30,85,5
2011-07-01,85,4
2011-07-02,86,6
2011-07-03,85,6
2011-07-04,82,5
2011-07-05,82,7
2011-07-06,82,5
2011-07-07,85,5
2011-07-08,84,5
2011-07-09,81,5
2011-07-10,83,5
2011-07-11,87,5
2011-07-12,84,5
2011-07-13,89,6
2011-07-14,85,4
2011-07-15,75,2
2011-07-16,74,7
2011-07-17,79,4
2011-07-18,82,4
2011-07-19,84,6
2011-07-20,80,5
2011-07-21,85,5
2011-07-22,86,5
2011-07-23,85,5
2011-07-24,84,5
2011-07-25,81,4
2011-07-26,83,7
2011-07-27,86,6
2011-07-28,82,4
2011-07-29,85,6
2011-07-30,83,6
2011-07-31,86,7
2011-08-01,83,5
2011-08-02,88,5
2011-08-03,90,6
2011-08-04,79,3
2011-08-05,88,6
2011-08-06,81,6
2011-08-07,83,6
2011-08-08,86,5
2011-08-09,83,4
2011-08-10,86,6
2011-08-11,86,4
2011-08-12,88,6
2011-08-13,85,6
2011-08-14,85,5
2011-08-15,79,5
2011-08-16,82,6
2011-08-17,84,5
2011-08-18,85,6
2011-08-19,87,7
2011-08-20,83,4
2011-08-21,86,5
2011-08-22,89,7
2011-08-23,84,5
2011-08-24,83,8
2011-08-25,86,6
2011-08-26,90,7
2011-08-27,86,6
2011-08-28,85,8
2011-08-29,85,6
2011-08-30,80,5
2011-08-31,84,5
2011-09-01,85,5
2011-09-02,87,7
2011-09-03,87,6
2011-09-04,75,1
2011-09-05,74,1
2011-09-06,62,0
2011-09-07,64,3
2011-09-08,67,4
2011-09-09,72,7
2011-09-10,76,7
2011-09-11,78,8
2011-09-12,79,6
2011-09-13,80,7
2011-09-14,83,6
2011-09-15,78,5
2011-09-16,67,2
2011-09-17,66,7
2011-09-18,68,6
2011-09-19,70,4
2011-09-20,70,6
2011-09-21,76,4
2011-09-22,74,3
2011-09-23,76,5
2011-09-24,73,7
2011-09-25,78,8
2011-09-26,79,5
2011-09-27,76,5
2011-09-28,74,3
2011-09-29,76,6
2011-09-30,71,4
2011-10-01,59,5
2011-10-02,60,7
2011-10-03,65,9
2011-10-04,71,8
2011-10-05,73,8
2011-10-06,72,8
2011-10-07,71,6
2011-10-08,70,7
2011-10-09,67,3
2011-10-10,64,1
2011-10-11,62,0
2011-10-12,65,3
2011-10-13,65,4
2011-10-14,68,7
2011-10-15,70,7
2011-10-16,72,11
2011-10-17,75,9
2011-10-18,71,5
2011-10-19,50,1
2011-10-20,51,4
2011-10-21,54,8
2011-10-22,58,9
2011-10-23,61,8
2011-10-24,66,5
2011-10-25,67,7
2011-10-26,68,9
2011-10-27,70,7
2011-10-28,66,7
2011-10-29,51,5
2011-10-30,54,5
2011-10-31,57,8
2011-11-01,60,6
2011-11-02,59,8
2011-11-03,61,7
2011-11-04,54,6
2011-11-05,55,4
2011-11-06,59,6
2011-11-07,64,6
2011-11-08,65,5
2011-11-09,65,4
2011-11-10,49,3
2011-11-11,49,7
2011-11-12,56,7
2011-11-13,60,8
2011-11-14,70,6
2011-11-15,68,4
2011-11-16,71,1
2011-11-17,51,2
2011-11-18,48,5
2011-11-19,53,5
2011-11-20,60,6
2011-11-21,66,4
2011-11-22,70,4
2011-11-23,57,0
2011-11-24,59,8
2011-11-25,59,7
2011-11-26,63,5
2011-11-27,69,3
2011-11-28,51,6
2011-11-29,37,1
2011-11-30,44,2
2011-12-01,51,8
2011-12-02,55,8
2011-12-03,55,7
2011-12-04,55,4
2011-12-05,62,4
2011-12-06,64,2
2011-12-07,48,3
2011-12-08,45,7
2011-12-09,49,5
2011-12-10,48,5
2011-12-11,45,4
2011-12-12,46,2
2011-12-13,59,7
2011-12-14,63,6
2011-12-15,64,7
2011-12-16,68,3
2011-12-17,47,3
2011-12-18,47,7
2011-12-19,52,7
2011-12-20,56,2
2011-12-21,64,1
2011-12-22,65,1
2011-12-23,52,3
2011-12-24,50,6
2011-12-25,47,1
2011-12-26,47,4
2011-12-27,48,2
2011-12-28,45,5
2011-12-29,50,7
2011-12-30,52,6
2011-12-31,57,6
2012-01-01,60,3
2012-01-02,42,3
2012-01-03,29,4
2012-01-04,42,9
2012-01-05,52,8
2012-01-06,57,8
2012-01-07,62,4
2012-01-08,57,2
2012-01-09,62,2
2012-01-10,59,2
2012-01-11,57,3
2012-01-12,54,2
2012-01-13,32,4
2012-01-14,43,8
2012-01-15,46,6
2012-01-16,49,5
2012-01-17,55,5
2012-01-18,41,4
2012-01-19,46,7
2012-01-20,52,2
2012-01-21,60,1
2012-01-22,53,1
2012-01-23,54,2
2012-01-24,55,6
2012-01-25,59,7
2012-01-26,64,4
2012-01-27,50,3
2012-01-28,55,7
2012-01-29,47,7
2012-01-30,53,8
2012-01-31,57,7
2012-02-01,58,4
2012-02-02,61,3
2012-02-03,56,4
2012-02-04,62,6
2012-02-05,62,4
2012-02-06,51,2
2012-02-07,53,7
2012-02-08,53,4
2012-02-09,46,5
2012-02-10,47,3
2012-02-11,36,2
2012-02-12,32,6
2012-02-13,44,8
2012-02-14,43,3
2012-02-15,56,7
2012-02-16,56,3
2012-02-17,57,7
2012-02-18,57,4
2012-02-19,50,2
2012-02-20,49,7
2012-02-21,54,6
2012-02-22,58,4
2012-02-23,69,4
2012-02-24,64,4
2012-02-25,49,6
2012-02-26,53,6
2012-02-27,55,6
2012-02-28,58,2
2012-02-29,65,3
2012-03-01,70,4
2012-03-02,70,4
2012-03-03,52,4
2012-03-04,48,3
2012-03-05,54,2
2012-03-06,51,8
2012-03-07,58,6
2012-03-08,65,8
2012-03-09,54,1
2012-03-10,58,7
2012-03-11,57,7
2012-03-12,61,3
2012-03-13,67,4
2012-03-14,72,7
2012-03-15,74,7
2012-03-16,73,7
2012-03-17,72,6
2012-03-18,75,7
2012-03-19,75,7
2012-03-20,74,7
2012-03-21,68,5
2012-03-22,70,3
2012-03-23,68,1
2012-03-24,68,4
2012-03-25,63,7
2012-03-26,71,8
2012-03-27,69,6
2012-03-28,70,9
2012-03-29,72,7
2012-03-30,71,6
2012-03-31,68,4
2012-04-01,74,7
2012-04-02,77,7
2012-04-03,78,6
2012-04-04,76,6
2012-04-05,68,2
2012-04-06,61,2
2012-04-07,64,7
2012-04-08,69,7
2012-04-09,70,8
2012-04-10,69,8
2012-04-11,58,6
2012-04-12,56,7
2012-04-13,65,7
2012-04-14,68,7
2012-04-15,70,7
2012-04-16,69,3
2012-04-17,71,6
2012-04-18,63,1
2012-04-19,63,3
2012-04-20,63,2
2012-04-21,69,5
2012-04-22,59,4
2012-04-23,53,4
2012-04-24,60,7
2012-04-25,70,9
2012-04-26,74,6
2012-04-27,74,4
2012-04-28,77,5
2012-04-29,74,9
2012-04-30,80,7
2012-05-01,79,6
2012-05-02,79,7
2012-05-03,76,5
2012-05-04,74,6
2012-05-05,80,5
2012-05-06,79,5
2012-05-07,71,3
2012-05-08,75,5
2012-05-09,66,1
2012-05-10,67,6
2012-05-11,70,6
2012-05-12,69,4
2012-05-13,63,2
2012-05-14,71,5
2012-05-15,71,4
2012-05-16,75,6
2012-05-17,75,6
2012-05-18,74,5
2012-05-19,75,6
2012-05-20,75,6
2012-05-21,75,5
2012-05-22,72,5
2012-05-23,74,7
2012-05-24,80,7
2012-05-25,82,6
2012-05-26,86,6
2012-05-27,82,5
2012-05-28,79,4
2012-05-29,77,3
2012-05-30,79,8
2012-05-31,81,5
2012-06-01,72,4
2012-06-02,69,7
2012-06-03,76,6
2012-06-04,72,4
2012-06-05,71,1
2012-06-06,74,4
2012-06-07,74,5
2012-06-08,77,5
2012-06-09,78,5
2012-06-10,71,2
2012-06-11,73,3
2012-06-12,78,5
2012-06-13,74,21
2012-06-14,79,3
2012-06-15,78,4
2012-06-16,76,5
2012-06-17,78,6
2012-06-18,79,6
2012-06-19,80,6
2012-06-20,81,5
2012-06-21,81,5
2012-06-22,83,6
2012-06-23,85,5
2012-06-24,84,4
2012-06-25,84,7
2012-06-26,83,4
2012-06-27,81,7
2012-06-28,88,8
2012-06-29,93,10
2012-06-30,95,9
2012-07-01,95,7
2012-07-02,84,7
2012-07-03,83,9
2012-07-04,83,7
2012-07-05,91,8
2012-07-06,86,7
2012-07-07,85,6
2012-07-08,87,5
2012-07-09,86,5
2012-07-10,85,6
2012-07-11,81,6
2012-07-12,75,3
2012-07-13,78,5
2012-07-14,82,5
2012-07-15,83,4
2012-07-16,83,4
2012-07-17,82,5
2012-07-18,81,6
2012-07-19,82,6
2012-07-20,78,3
2012-07-21,81,3
2012-07-22,85,6
2012-07-23,89,6
2012-07-24,89,5
2012-07-25,89,6
2012-07-26,90,6
2012-07-27,86,6
2012-07-28,87,7
2012-07-29,86,6
2012-07-30,86,8
2012-07-31,80,3
2012-08-01,79,7
2012-08-02,87,7
2012-08-03,85,6
2012-08-04,78,4
2012-08-05,83,4
2012-08-06,78,4
2012-08-07,80,2
2012-08-08,83,6
2012-08-09,77,5
2012-08-10,77,5
2012-08-11,79,3
2012-08-12,79,7
2012-08-13,77,6
2012-08-14,78,6
2012-08-15,78,4
2012-08-16,84,5
2012-08-17,81,4
2012-08-18,76,4
2012-08-19,73,4
2012-08-20,77,5
2012-08-21,80,5
2012-08-22,75,4
2012-08-23,78,5
2012-08-24,79,4
2012-08-25,79,5
2012-08-26,82,5
2012-08-27,83,6
2012-08-28,75,1
2012-08-29,80,4
2012-08-30,76,2
2012-08-31,79,5
2012-09-01,84,5
2012-09-02,83,4
2012-09-03,78,2
2012-09-04,73,1
2012-09-05,78,4
2012-09-06,79,3
2012-09-07,85,6
2012-09-08,79,4
2012-09-09,72,8
2012-09-10,76,5
2012-09-11,76,5
2012-09-12,74,5
2012-09-13,74,5
2012-09-14,75,4
2012-09-15,80,5
2012-09-16,78,4
2012-09-17,75,4
2012-09-18,71,1
2012-09-19,70,9
2012-09-20,70,4
2012-09-21,71,6
2012-09-22,78,7
2012-09-23,73,7
2012-09-24,68,9
2012-09-25,72,9
2012-09-26,76,8
2012-09-27,79,7
2012-09-28,78,5
2012-09-29,77,4
2012-09-30,68,1
2012-10-01,72,1
2012-10-02,67,2
2012-10-03,67,4
2012-10-04,73,7
2012-10-05,75,6
2012-10-06,75,6
2012-10-07,61,4
2012-10-08,59,2
2012-10-09,61,6
2012-10-10,63,6
2012-10-11,66,8
2012-10-12,70,5
2012-10-13,69,5
2012-10-14,70,5
2012-10-15,70,3
2012-10-16,64,8
2012-10-17,67,7
2012-10-18,66,4
2012-10-19,65,7
2012-10-20,62,7
2012-10-21,64,9
2012-10-22,69,8
2012-10-23,69,7
2012-10-24,71,8
2012-10-25,71,6
2012-10-26,73,5
2012-10-27,63,2
2012-10-28,53,1
2012-10-29,51,4
2012-10-30,50,4
2012-10-31,56,8
2012-11-01,54,8
2012-11-02,66,9
2012-11-03,69,10
2012-11-04,65,3
2012-11-05,57,6
2012-11-06,48,1
2012-11-07,47,1
2012-11-08,50,8
2012-11-09,60,8
2012-11-10,64,7
2012-11-11,60,6
2012-11-12,63,4
2012-11-13,50,7
2012-11-14,48,2
2012-11-15,46,2
2012-11-16,53,5
2012-11-17,53,5
2012-11-18,55,6
2012-11-19,55,2
2012-11-20,63,5
2012-11-21,64,6
2012-11-22,60,6
2012-11-23,65,6
2012-11-24,45,4
2012-11-25,50,9
2012-11-26,58,8
2012-11-27,54,1
2012-11-28,50,7
2012-11-29,53,6
2012-11-30,58,6
2012-12-01,61,6
2012-12-02,65,5
2012-12-03,66,6
2012-12-04,66,6
2012-12-05,64,3
2012-12-06,60,1
2012-12-07,56,5
2012-12-08,62,5
2012-12-09,63,3
2012-12-10,63,2
2012-12-11,41,2
2012-12-12,47,3
2012-12-13,52,4
2012-12-14,51,5
2012-12-15,52,4
2012-12-16,56,1
2012-12-17,55,1
2012-12-18,53,5
2012-12-19,60,8
2012-12-20,55,2
2012-12-21,40,4
2012-12-22,43,7
2012-12-23,49,6
2012-12-24,52,3
2012-12-25,52,1
2012-12-26,43,5
2012-12-27,39,2
2012-12-28,44,5
2012-12-29,39,1
2012-12-30,39,5
2012-12-31,46,6
2013-01-01,51,1
2013-01-02,44,1
2013-01-03,41,2
2013-01-04,43,7
2013-01-05,43,6
2013-01-06,47,3
2013-01-07,48,6
2013-01-08,49,3
2013-01-09,58,4
2013-01-10,63,3
2013-01-11,65,2
2013-01-12,67,4
2013-01-13,67,3
2013-01-14,61,4
2013-01-15,57,5
2013-01-16,59,1
2013-01-17,45,5
2013-01-18,47,7
2013-01-19,48,7
2013-01-20,54,7
2013-01-21,51,6
2013-01-22,38,5
2013-01-23,45,8
2013-01-24,52,2
2013-01-25,39,4
2013-01-26,49,7
2013-01-27,46,3
2013-01-28,52,5
2013-01-29,63,8
2013-01-30,64,5
2013-01-31,43,5
2013-02-01,38,1
2013-02-02,42,14
2013-02-03,51,6
2013-02-04,45,5
2013-02-05,56,5
2013-02-06,53,9
2013-02-07,45,0
2013-02-08,50,2
2013-02-09,51,9
2013-02-10,54,5
2013-02-11,58,1
2013-02-12,49,2
2013-02-13,48,2
2013-02-14,47,6
2013-02-15,55,6
2013-02-16,39,2
2013-02-17,39,6
2013-02-18,50,7
2013-02-19,49,5
2013-02-20,45,5
2013-02-21,54,8
2013-02-22,42,0
2013-02-23,46,2
2013-02-24,56,6
2013-02-25,48,0
2013-02-26,44,5
2013-02-27,51,6
2013-02-28,44,2
2013-03-01,40,1
2013-03-02,37,1
2013-03-03,35,3
2013-03-04,49,8
2013-03-05,61,3
2013-03-06,39,3
2013-03-07,48,9
2013-03-08,52,10
2013-03-09,54,6
2013-03-10,62,7
2013-03-11,58,3
2013-03-12,49,6
2013-03-13,49,6
2013-03-14,44,9
2013-03-15,60,13
2013-03-16,66,8
2013-03-17,63,5
2013-03-18,59,3
2013-03-19,56,6
2013-03-20,50,5
2013-03-21,41,6
2013-03-22,44,4
2013-03-23,48,4
2013-03-24,50,2
2013-03-25,41,3
2013-03-26,37,2
2013-03-27,45,7
2013-03-28,52,8
2013-03-29,59,8
2013-03-30,62,6
2013-03-31,63,3
2013-04-01,66,4
2013-04-02,58,6
2013-04-03,55,4
2013-04-04,42,1
2013-04-05,52,7
2013-04-06,63,6
2013-04-07,65,8
2013-04-08,70,6
2013-04-09,73,7
2013-04-10,75,7
2013-04-11,71,4
2013-04-12,61,4
2013-04-13,67,7
2013-04-14,56,1
2013-04-15,65,5
2013-04-16,71,6
2013-04-17,76,5
2013-04-18,73,5
2013-04-19,59,7
2013-04-20,55,7
2013-04-21,61,7
2013-04-22,61,6
2013-04-23,63,7
2013-04-24,67,4
2013-04-25,61,8
2013-04-26,67,8
2013-04-27,68,5
2013-04-28,62,2
2013-04-29,65,6
2013-04-30,70,5
2013-05-01,64,2
2013-05-02,64,2
2013-05-03,62,1
2013-05-04,53,1
2013-05-05,55,5
2013-05-06,52,3
2013-05-07,57,6
2013-05-08,67,6
2013-05-09,74,7
2013-05-10,71,4
2013-05-11,70,4
2013-05-12,64,5
2013-05-13,61,7
2013-05-14,69,8
2013-05-15,77,7
2013-05-16,74,5
2013-05-17,74,4
2013-05-18,69,3
2013-05-19,68,2
2013-05-20,77,6
2013-05-21,82,5
2013-05-22,79,6
2013-05-23,77,4
2013-05-24,69,4
2013-05-25,70,6
2013-05-26,75,7
2013-05-27,78,6
2013-05-28,77,6
2013-05-29,74,6
2013-05-30,77,5
2013-05-31,78,5
2013-06-01,76,4
2013-06-02,76,3
2013-06-03,77,5
2013-06-04,82,5
2013-06-05,76,3
2013-06-06,73,2
2013-06-07,74,4
2013-06-08,74,5
2013-06-09,75,2
2013-06-10,73,2
2013-06-11,83,5
2013-06-12,86,4
2013-06-13,83,6
2013-06-14,78,5
2013-06-15,78,4
2013-06-16,79,5
2013-06-17,76,6
2013-06-18,75,4
2013-06-19,76,4
2013-06-20,77,4
2013-06-21,78,4
2013-06-22,78,5
2013-06-23,76,4
2013-06-24,76,5
2013-06-25,80,4
2013-06-26,80,6
2013-06-27,83,3
2013-06-28,84,5
2013-06-29,79,3
2013-06-30,77,5
2013-07-01,76,3
2013-07-02,78,4
2013-07-03,72,2
2013-07-04,73,1
2013-07-05,74,3
2013-07-06,75,3
2013-07-07,74,2
2013-07-08,80,5
2013-07-09,79,5
2013-07-10,80,3
2013-07-11,76,2
2013-07-12,78,4
2013-07-13,73,2
2013-07-14,78,3
2013-07-15,78,3
2013-07-16,78,5
2013-07-17,81,6
2013-07-18,81,5
2013-07-19,83,4
2013-07-20,76,4
2013-07-21,77,4
2013-07-22,78,3
2013-07-23,76,4
2013-07-24,78,4
2013-07-25,81,5
2013-07-26,76,4
2013-07-27,75,3
2013-07-28,79,5
2013-07-29,78,4
2013-07-30,81,8
2013-07-31,73,2
2013-08-01,79,4
2013-08-02,81,6
2013-08-03,82,4
2013-08-04,82,4
2013-08-05,79,4
2013-08-06,82,4
2013-08-07,76,3
2013-08-08,77,2
2013-08-09,82,4
2013-08-10,83,4
2013-08-11,84,4
2013-08-12,83,4
2013-08-13,80,4
2013-08-14,76,3
2013-08-15,69,1
2013-08-16,64,1
2013-08-17,63,1
2013-08-18,72,2
2013-08-19,76,3
2013-08-20,76,3
2013-08-21,74,4
2013-08-22,81,5
2013-08-23,82,5
2013-08-24,76,3
2013-08-25,76,4
2013-08-26,75,5
2013-08-27,79,5
2013-08-28,81,6
2013-08-29,84,5
2013-08-30,81,3
2013-08-31,82,4
2013-09-01,81,5
2013-09-02,75,4
2013-09-03,82,5
2013-09-04,82,5
2013-09-05,81,5
2013-09-06,81,5
2013-09-07,80,5
2013-09-08,82,7
2013-09-09,83,4
2013-09-10,81,5
2013-09-11,82,5
2013-09-12,82,6
2013-09-13,82,5
2013-09-14,73,7
2013-09-15,75,6
2013-09-16,81,5
2013-09-17,73,2
2013-09-18,72,3
2013-09-19,75,7
2013-09-20,78,6
2013-09-21,70,2
2013-09-22,72,8
2013-09-23,74,6
2013-09-24,65,1
2013-09-25,65,0
2013-09-26,70,4
2013-09-27,72,5
2013-09-28,69,6
2013-09-29,68,5
2013-09-30,69,6
2013-10-01,73,6
2013-10-02,75,6
2013-10-03,76,5
2013-10-04,77,6
2013-10-05,78,6
2013-10-06,75,5
2013-10-07,65,5
2013-10-08,67,2
2013-10-09,67,6
2013-10-10,71,7
2013-10-11,71,7
2013-10-12,73,7
2013-10-13,74,6
2013-10-14,70,3
2013-10-15,65,2
2013-10-16,69,4
2013-10-17,68,1
2013-10-18,63,6
2013-10-19,59,1
2013-10-20,58,9
2013-10-21,62,7
2013-10-22,64,3
2013-10-23,57,4
2013-10-24,55,8
2013-10-25,48,6
2013-10-26,50,8
2013-10-27,60,7
2013-10-28,61,2
2013-10-29,68,5
2013-10-30,70,6
2013-10-31,69,5
2013-11-01,67,4
2013-11-02,63,6
2013-11-03,56,7
2013-11-04,56,7
2013-11-05,57,6
2013-11-06,63,6
2013-11-07,60,1
2013-11-08,55,6
2013-11-09,53,5
2013-11-10,63,6
2013-11-11,60,5
2013-11-12,55,5
2013-11-13,43,6
2013-11-14,49,7
2013-11-15,49,2
2013-11-16,58,5
2013-11-17,62,1
2013-11-18,68,3
2013-11-19,54,5
2013-11-20,51,4
2013-11-21,54,3
2013-11-22,58,3
2013-11-23,54,1
2013-11-24,41,6
2013-11-25,41,4
2013-11-26,39,3
2013-11-27,35,0
2013-11-28,39,8
2013-11-29,50,10
2013-11-30,46,5
2013-12-01,50,5
2013-12-02,48,3
2013-12-03,55,3
2013-12-04,66,4
2013-12-05,69,2
2013-12-06,71,2
2013-12-07,44,1
2013-12-08,45,0
2013-12-09,45,1
2013-12-10,47,1
2013-12-11,46,7
2013-12-12,41,5
2013-12-13,47,7
2013-12-14,52,3
2013-12-15,39,0
2013-12-16,43,10
2013-12-17,54,8
2013-12-18,46,6
2013-12-19,52,9
2013-12-20,52,4
2013-12-21,64,6
2013-12-22,59,2
2013-12-23,50,3
2013-12-24,37,3
2013-12-25,39,6
2013-12-26,47,6
2013-12-27,46,5
2013-12-28,43,2
2013-12-29,47,2
2013-12-30,46,2
2013-12-31,41,2
2014-01-01,42,3
2014-01-02,48,3
2014-01-03,28,4
2014-01-04,32,3
2014-01-05,41,3
2014-01-06,25,2
2014-01-07,17,6
2014-01-08,36,9
2014-01-09,42,5
2014-01-10,45,3
2014-01-11,59,2
2014-01-12,52,7
2014-01-13,52,4
2014-01-14,53,3
2014-01-15,43,2
2014-01-16,37,7
2014-01-17,46,5
2014-01-18,36,6
2014-01-19,49,4
2014-01-20,56,11
2014-01-21,44,4
2014-01-22,28,7
2014-01-23,34,4
2014-01-24,26,7
2014-01-25,39,7
2014-01-26,48,8
2014-01-27,54,4
2014-01-28,25,1
2014-01-29,22,5
2014-01-30,31,7
2014-01-31,45,10
2014-02-01,50,6
2014-02-02,58,8
2014-02-03,50,4
2014-02-04,45,0
2014-02-05,46,3
2014-02-06,37,4
2014-02-07,42,7
2014-02-08,51,7
2014-02-09,54,6
2014-02-10,46,1
2014-02-11,36,0
2014-02-12,29,0
2014-02-13,37,4
2014-02-14,50,7
2014-02-15,40,4
2014-02-16,54,9
2014-02-17,58,7
2014-02-18,62,8
2014-02-19,64,2
2014-02-20,65,5
2014-02-21,54,3
2014-02-22,57,6
2014-02-23,60,7
2014-02-24,57,5
2014-02-25,53,5
2014-02-26,40,2
2014-02-27,40,7
2014-02-28,47,6
2014-03-01,51,7
2014-03-02,66,8
2014-03-03,50,6
2014-03-04,39,2
2014-03-05,45,7
2014-03-06,39,1
2014-03-07,49,6
2014-03-08,60,9
2014-03-09,62,7
2014-03-10,64,7
2014-03-11,68,8
2014-03-12,62,5
2014-03-13,44,6
2014-03-14,53,10
2014-03-15,61,5
2014-03-16,55,1
2014-03-17,46,4
2014-03-18,43,4
2014-03-19,50,6
2014-03-20,58,6
2014-03-21,59,8
2014-03-22,68,7
2014-03-23,56,4
2014-03-24,52,6
2014-03-25,46,3
2014-03-26,43,8
2014-03-27,55,9
2014-03-28,56,2
2014-03-29,61,2
2014-03-30,55,8
2014-03-31,65,13
2014-04-01,72,9
2014-04-02,71,8
2014-04-03,71,7
2014-04-04,69,4
2014-04-05,60,6
2014-04-06,54,2
2014-04-07,56,5
2014-04-08,55,5
2014-04-09,60,6
2014-04-10,65,8
2014-04-11,65,7
2014-04-12,72,8
2014-04-13,72,7
2014-04-14,66,1
2014-04-15,50,6
2014-04-16,51,8
2014-04-17,56,7
2014-04-18,52,1
2014-04-19,58,3
2014-04-20,65,6
2014-04-21,68,7
2014-04-22,65,1
2014-04-23,68,6
2014-04-24,70,8
2014-04-25,72,5
2014-04-26,71,8
2014-04-27,73,6
2014-04-28,72,4
2014-04-29,71,3
2014-04-30,70,1
2014-05-01,60,4
2014-05-02,64,6
2014-05-03,67,8
2014-05-04,75,9
2014-05-05,79,7
2014-05-06,78,7
2014-05-07,77,7
2014-05-08,79,6
2014-05-09,70,4
2014-05-10,71,3
2014-05-11,73,6
2014-05-12,79,5
2014-05-13,79,6
2014-05-14,73,4
2014-05-15,60,2
2014-05-16,61,6
2014-05-17,62,6
2014-05-18,60,1
2014-05-19,63,5
2014-05-20,70,8
2014-05-21,78,6
2014-05-22,79,6
2014-05-23,81,6
2014-05-24,80,5
2014-05-25,81,5
2014-05-26,75,5
2014-05-27,78,4
2014-05-28,79,5
2014-05-29,79,5
2014-05-30,75,5
2014-05-31,78,6
2014-06-01,74,2
2014-06-02,73,4
2014-06-03,78,5
2014-06-04,80,5
2014-06-05,78,5
2014-06-06,78,5
2014-06-07,79,6
2014-06-08,79,7
2014-06-09,81,5
2014-06-10,75,6
2014-06-11,73,2
2014-06-12,74,4
2014-06-13,74,4
2014-06-14,74,8
2014-06-15,80,5
2014-06-16,83,5
2014-06-17,84,4
2014-06-18,84,5
2014-06-19,85,5
2014-06-20,84,5
2014-06-21,76,5
2014-06-22,81,6
2014-06-23,79,3
2014-06-24,77,4
2014-06-25,79,5
2014-06-26,76,3
2014-06-27,80,5
2014-06-28,80,4
2014-06-29,81,4
2014-06-30,77,4
2014-07-01,83,6
2014-07-02,85,6
2014-07-03,81,3
2014-07-04,75,6
2014-07-05,79,5
2014-07-06,78,5
2014-07-07,82,5
2014-07-08,83,5
2014-07-09,83,4
2014-07-10,80,5
2014-07-11,79,3
2014-07-12,79,6
2014-07-13,82,5
2014-07-14,83,5
2014-07-15,79,3
2014-07-16,75,6
2014-07-17,76,8
2014-07-18,76,3
2014-07-19,74,4
2014-07-20,72,2
2014-07-21,78,3
2014-07-22,77,3
2014-07-23,82,4
2014-07-24,78,4
2014-07-25,81,6
2014-07-26,83,5
2014-07-27,84,6
2014-07-28,84,3
2014-07-29,76,4
2014-07-30,75,7
2014-07-31,75,4
2014-08-01,74,4
2014-08-02,75,5
2014-08-03,79,6
2014-08-04,83,5
2014-08-05,83,5
2014-08-06,85,6
2014-08-07,87,6
2014-08-08,76,5
2014-08-09,78,5
2014-08-10,77,3
2014-08-11,77,4
2014-08-12,80,5
2014-08-13,78,4
2014-08-14,77,6
2014-08-15,80,6
2014-08-16,82,6
2014-08-17,80,5
2014-08-18,80,4
2014-08-19,79,3
2014-08-20,78,4
2014-08-21,82,6
2014-08-22,87,5
2014-08-23,86,5
2014-08-24,82,2
2014-08-25,78,4
2014-08-26,78,6
2014-08-27,80,6
2014-08-28,84,6
2014-08-29,85,6
2014-08-30,80,4
2014-08-31,79,7
2014-09-01,82,4
2014-09-02,80,5
2014-09-03,81,4
2014-09-04,76,2
2014-09-05,81,5
2014-09-06,85,4
2014-09-07,82,4
2014-09-08,77,3
2014-09-09,76,4
2014-09-10,78,4
2014-09-11,83,5
2014-09-12,82,4
2014-09-13,78,4
2014-09-14,72,2
2014-09-15,72,4
2014-09-16,78,5
2014-09-17,78,6
2014-09-18,73,7
2014-09-19,77,4
2014-09-20,74,6
2014-09-21,79,7
2014-09-22,73,5
2014-09-23,70,4
2014-09-24,69,7
2014-09-25,70,3
2014-09-26,70,2
2014-09-27,71,3
2014-09-28,69,2
2014-09-29,69,0
2014-09-30,75,6
2014-10-01,77,7
2014-10-02,77,6
2014-10-03,72,2
2014-10-04,57,5
2014-10-05,61,8
2014-10-06,68,9
2014-10-07,73,7
2014-10-08,76,5
2014-10-09,80,4
2014-10-10,79,6
2014-10-11,77,4
2014-10-12,76,6
2014-10-13,74,6
2014-10-14,69,2
2014-10-15,63,4
2014-10-16,62,4
2014-10-17,69,10
2014-10-18,68,5
2014-10-19,61,7
2014-10-20,64,7
2014-10-21,67,8
2014-10-22,60,8
2014-10-23,59,9
2014-10-24,64,7
2014-10-25,65,9
2014-10-26,73,9
2014-10-27,76,7
2014-10-28,69,4
2014-10-29,65,4
2014-10-30,60,7
2014-10-31,56,4
2014-11-01,43,1
2014-11-02,49,8
2014-11-03,56,8
2014-11-04,61,8
2014-11-05,64,5
2014-11-06,65,3
2014-11-07,53,5
2014-11-08,54,7
2014-11-09,60,8
2014-11-10,63,7
2014-11-11,65,6
2014-11-12,62,2
2014-11-13,43,2
2014-11-14,38,5
2014-11-15,42,6
2014-11-16,46,3
2014-11-17,51,6
2014-11-18,32,3
2014-11-19,40,8
2014-11-20,53,8
2014-11-21,56,7
2014-11-22,53,7
2014-11-23,53,2
2014-11-24,68,4
2014-11-25,55,4
2014-11-26,51,4
2014-11-27,43,1
2014-11-28,42,6
2014-11-29,52,8
2014-11-30,58,8
2014-12-01,67,7
2014-12-02,66,7
2014-12-03,64,5
2014-12-04,65,5
2014-12-05,58,1
2014-12-06,61,2
2014-12-07,54,6
2014-12-08,43,2
2014-12-09,49,5
2014-12-10,45,4
2014-12-11,45,6
2014-12-12,50,9
2014-12-13,53,8
2014-12-14,48,7
2014-12-15,45,18
2014-12-16,58,1
2014-12-17,45,3
2014-12-18,47,6
2014-12-19,48,5
2014-12-20,48,2
2014-12-21,47,1
2014-12-22,45,0
2014-12-23,44,1
2014-12-24,55,3
2014-12-25,46,4
2014-12-26,51,5
2014-12-27,53,6
2014-12-28,58,1
2014-12-29,57,3
2014-12-30,49,1
2014-12-31,46,2
2015-01-01,48,7
2015-01-02,47,1
2015-01-03,51,1
2015-01-04,61,1
2015-01-05,43,3
2015-01-06,47,7
2015-01-07,35,2
2015-01-08,24,6
2015-01-09,35,5
2015-01-10,36,8
2015-01-11,40,3
2015-01-12,44,1
2015-01-13,43,0
2015-01-14,41,1
2015-01-15,36,1
2015-01-16,45,7
2015-01-17,50,8
2015-01-18,54,5
2015-01-19,57,9
2015-01-20,59,7
2015-01-21,57,6
2015-01-22,51,3
2015-01-23,43,1
2015-01-24,42,3
2015-01-25,50,8
2015-01-26,42,2
2015-01-27,44,4
2015-01-28,46,7
2015-01-29,50,7
2015-01-30,45,3
2015-01-31,46,7
2015-02-01,52,4
2015-02-02,41,1
2015-02-03,41,8
2015-02-04,45,4
2015-02-05,47,2
2015-02-06,44,7
2015-02-07,55,9
2015-02-08,58,8
2015-02-09,58,2
2015-02-10,46,5
2015-02-11,53,8
2015-02-12,44,3
2015-02-13,36,6
2015-02-14,50,8
2015-02-15,33,6
2015-02-16,38,1
2015-02-17,33,2
2015-02-18,33,4
2015-02-19,22,4
2015-02-20,30,5
2015-02-21,44,6
2015-02-22,51,3
2015-02-23,42,3
2015-02-24,35,0
2015-02-25,35,1
2015-02-26,37,2
2015-02-27,41,5
2015-02-28,48,6
2015-03-01,40,3
2015-03-02,54,5
2015-03-03,52,0
2015-03-04,68,6
2015-03-05,45,4
2015-03-06,39,8
2015-03-07,51,10
2015-03-08,60,10
2015-03-09,61,3
2015-03-10,69,7
2015-03-11,68,3
2015-03-12,63,2
2015-03-13,47,1
2015-03-14,58,7
2015-03-15,67,7
2015-03-16,70,12
2015-03-17,71,6
2015-03-18,66,5
2015-03-19,54,2
2015-03-20,56,7
2015-03-21,62,6
2015-03-22,56,0
2015-03-23,61,4
2015-03-24,64,7
2015-03-25,66,4
2015-03-26,67,3
2015-03-27,51,4
2015-03-28,45,5
2015-03-29,50,9
2015-03-30,60,6
2015-03-31,66,8
2015-04-01,70,8
2015-04-02,66,5
2015-04-03,73,9
2015-04-04,61,4
2015-04-05,61,7
2015-04-06,65,5
2015-04-07,71,5
2015-04-08,79,7
2015-04-09,78,6
2015-04-10,69,3
2015-04-11,69,8
2015-04-12,63,2
2015-04-13,69,3
2015-04-14,75,4
2015-04-15,69,3
2015-04-16,55,1
2015-04-17,59,2
2015-04-18,68,3
2015-04-19,68,1
2015-04-20,71,3
2015-04-21,64,6
2015-04-22,70,8
2015-04-23,63,3
2015-04-24,67,7
2015-04-25,67,7
2015-04-26,74,5
2015-04-27,62,6
2015-04-28,66,5
2015-04-29,57,2
2015-04-30,65,6
2015-05-01,62,7
2015-05-02,68,7
2015-05-03,72,7
2015-05-04,74,7
2015-05-05,73,6
2015-05-06,74,6
2015-05-07,77,6
2015-05-08,79,7
2015-05-09,78,5
2015-05-10,80,6
2015-05-11,83,5
2015-05-12,77,4
2015-05-13,75,7
2015-05-14,75,6
2015-05-15,74,4
2015-05-16,77,6
2015-05-17,75,4
2015-05-18,75,3
2015-05-19,77,5
2015-05-20,80,5
2015-05-21,73,3
2015-05-22,68,8
2015-05-23,74,6
2015-05-24,75,6
2015-05-25,73,4
2015-05-26,72,5
2015-05-27,75,4
2015-05-28,71,3
2015-05-29,74,6
2015-05-30,79,6
2015-05-31,77,4
2015-06-01,73,3
2015-06-02,77,5
2015-06-03,72,4
2015-06-04,71,5
2015-06-05,78,6
2015-06-06,81,6
2015-06-07,83,4
2015-06-08,81,4
2015-06-09,76,5
2015-06-10,77,5
2015-06-11,77,3
2015-06-12,76,3
2015-06-13,82,6
2015-06-14,85,5
2015-06-15,88,4
2015-06-16,87,5
2015-06-17,88,5
2015-06-18,83,7
2015-06-19,84,5
2015-06-20,80,3
2015-06-21,85,5
2015-06-22,87,5
2015-06-23,88,5
2015-06-24,82,6
2015-06-25,85,6
2015-06-26,84,4
2015-06-27,76,3
2015-06-28,76,5
2015-06-29,79,6
2015-06-30,79,4
2015-07-01,75,4
2015-07-02,79,5
2015-07-03,76,2
2015-07-04,73,5
2015-07-05,75,5
2015-07-06,77,3
2015-07-07,83,5
2015-07-08,84,4
2015-07-09,85,5
2015-07-10,85,5
2015-07-11,85,5
2015-07-12,84,5
2015-07-13,85,6
2015-07-14,84,4
2015-07-15,81,6
2015-07-16,83,4
2015-07-17,86,5
2015-07-18,84,4
2015-07-19,83,4
2015-07-20,86,6
2015-07-21,86,4
2015-07-22,82,6
2015-07-23,78,4
2015-07-24,84,5
2015-07-25,82,4
2015-07-26,84,5
2015-07-27,85,3
2015-07-28,87,5
2015-07-29,85,4
2015-07-30,84,4
2015-07-31,84,6
2015-08-01,82,4
2015-08-02,85,7
2015-08-03,84,6
2015-08-04,89,6
2015-08-05,87,5
2015-08-06,81,3
2015-08-07,81,5
2015-08-08,85,6
2015-08-09,86,5
2015-08-10,84,5
2015-08-11,83,4
2015-08-12,83,5
2015-08-13,82,3
2015-08-14,82,5
2015-08-15,83,5
2015-08-16,83,5
2015-08-17,72,20
2015-08-18,78,4
2015-08-19,80,4
2015-08-20,79,4
2015-08-21,83,4
2015-08-22,84,4
2015-08-23,75,5
2015-08-24,83,5
2015-08-25,76,6
2015-08-26,77,8
2015-08-27,77,4
2015-08-28,76,3
2015-08-29,76,2
2015-08-30,70,2
2015-08-31,74,3
2015-09-01,81,4
2015-09-02,83,4
2015-09-03,78,5
2015-09-04,84,6
2015-09-05,80,5
2015-09-06,78,4
2015-09-07,76,4
2015-09-08,78,3
2015-09-09,78,4
2015-09-10,76,4
2015-09-11,76,6
2015-09-12,71,3
2015-09-13,67,7
2015-09-14,69,7
2015-09-15,72,6
2015-09-16,72,5
2015-09-17,76,6
2015-09-18,77,5
2015-09-19,79,6
2015-09-20,81,6
2015-09-21,72,3
2015-09-22,71,2
2015-09-23,74,5
2015-09-24,69,2
2015-09-25,65,1
2015-09-26,68,1
2015-09-27,68,2
2015-09-28,71,2
2015-09-29,73,1
2015-09-30,76,5
2015-10-01,68,1
2015-10-02,62,1
2015-10-03,62,1
2015-10-04,66,1
2015-10-05,68,2
2015-10-06,69,5
2015-10-07,73,6
2015-10-08,74,6
2015-10-09,74,5
2015-10-10,67,2
2015-10-11,66,4
2015-10-12,66,7
2015-10-13,72,6
2015-10-14,68,9
2015-10-15,72,9
2015-10-16,70,6
2015-10-17,56,17
2015-10-18,57,6
2015-10-19,56,6
2015-10-20,60,9
2015-10-21,65,8
2015-10-22,70,6
2015-10-23,71,7
2015-10-24,70,5
2015-10-25,67,2
2015-10-26,64,2
2015-10-27,53,1
2015-10-28,69,4
2015-10-29,65,3
2015-10-30,62,7
2015-10-31,59,3
2015-11-01,62,2
2015-11-02,67,3
2015-11-03,66,1
2015-11-04,65,1
2015-11-05,64,1
2015-11-06,72,1
2015-11-07,68,1
2015-11-08,50,0
2015-11-09,49,1
2015-11-10,59,4
2015-11-11,67,7
2015-11-12,65,1
2015-11-13,58,3
2015-11-14,56,6
2015-11-15,54,4
2015-11-16,60,6
2015-11-17,65,4
2015-11-18,66,5
2015-11-19,64,4
2015-11-20,61,7
2015-11-21,53,3
2015-11-22,44,4
2015-11-23,46,7
2015-11-24,52,5
2015-11-25,51,5
2015-11-26,61,7
2015-11-27,65,6
2015-11-28,65,5
2015-11-29,68,4
2015-11-30,67,3
2015-12-01,64,3
2015-12-02,56,2
2015-12-03,44,2
2015-12-04,50,5
2015-12-05,52,6
2015-12-06,57,6
2015-12-07,60,5
2015-12-08,56,7
2015-12-09,58,7
2015-12-10,59,4
2015-12-11,66,2
2015-12-12,63,6
2015-12-13,66,5
2015-12-14,63,2
2015-12-15,63,7
2015-12-16,64,7
2015-12-17,62,1
2015-12-18,44,3
2015-12-19,43,8
2015-12-20,48,5
2015-12-21,51,3
2015-12-22,61,1
2015-12-23,62,0
2015-12-24,68,0
2015-12-25,71,2
2015-12-26,72,4
2015-12-27,70,2
2015-12-28,70,1
2015-12-29,64,4
2015-12-30,61,2
2015-12-31,56,2
2016-01-01,43,2
2016-01-02,41,3
2016-01-03,45,5
2016-01-04,40,3
2016-01-05,37,5
2016-01-06,38,5
2016-01-07,51,6
2016-01-08,50,1
2016-01-09,49,1
2016-01-10,39,1
2016-01-11,35,7
2016-01-12,45,6
2016-01-13,42,6
2016-01-14,52,7
2016-01-15,43,3
2016-01-16,53,3
2016-01-17,42,4
2016-01-18,34,2
2016-01-19,31,6
2016-01-20,38,4
2016-01-21,45,1
2016-01-22,40,2
2016-01-23,29,2
2016-01-24,41,10
2016-01-25,49,7
2016-01-26,53,6
2016-01-27,43,0
2016-01-28,47,4
2016-01-29,50,5
2016-01-30,56,9
2016-01-31,59,6
2016-02-01,63,4
2016-02-02,64,6
2016-02-03,58,1
2016-02-04,47,4
2016-02-05,43,6
2016-02-06,45,5
2016-02-07,48,7
2016-02-08,46,4
2016-02-09,33,1
2016-02-10,32,5
2016-02-11,46,8
2016-02-12,53,7
2016-02-13,37,4
2016-02-14,40,6
2016-02-15,42,6
2016-02-16,52,6
2016-02-17,48,3
2016-02-18,51,7
2016-02-19,57,7
2016-02-20,60,3
2016-02-21,60,2
2016-02-22,60,1
2016-02-23,57,1
2016-02-24,52,4
2016-02-25,47,3
2016-02-26,45,5
2016-02-27,51,7
2016-02-28,60,7
2016-02-29,64,6
2016-03-01,65,5
2016-03-02,46,4
2016-03-03,41,2
2016-03-04,46,4
2016-03-05,54,7
2016-03-06,56,8
2016-03-07,60,8
2016-03-08,65,8
2016-03-09,67,7
2016-03-10,71,6
2016-03-11,72,5
2016-03-12,71,4
2016-03-13,70,3
2016-03-14,69,4
2016-03-15,73,10
2016-03-16,74,5
2016-03-17,69,7
2016-03-18,67,7
2016-03-19,66,5
2016-03-20,51,4
2016-03-21,48,7
2016-03-22,57,9
2016-03-23,62,9
2016-03-24,65,6
2016-03-25,65,4
2016-03-26,62,3
2016-03-27,64,0
2016-03-28,65,3
2016-03-29,62,9
2016-03-30,64,7
2016-03-31,68,2
2016-04-01,67,2
2016-04-02,59,4
2016-04-03,60,7
2016-04-04,68,8
2016-04-05,60,6
2016-04-06,58,7
2016-04-07,63,7
2016-04-08,57,4
2016-04-09,56,5
2016-04-10,54,7
2016-04-11,58,7
2016-04-12,66,3
2016-04-13,60,2
2016-04-14,63,4
2016-04-15,61,4
2016-04-16,65,5
2016-04-17,66,7
2016-04-18,72,7
2016-04-19,74,7
2016-04-20,75,5
2016-04-21,69,6
2016-04-22,66,3
2016-04-23,69,6
2016-04-24,72,6
2016-04-25,73,5
2016-04-26,75,5
2016-04-27,76,6
2016-04-28,76,5
2016-04-29,79,7
2016-04-30,76,6
2016-05-01,74,5
2016-05-02,77,4
2016-05-03,71,3
2016-05-04,64,5
2016-05-05,58,4
2016-05-06,62,7
2016-05-07,70,9
2016-05-08,77,8
2016-05-09,72,4
2016-05-10,74,5
2016-05-11,78,6
2016-05-12,77,5
2016-05-13,71,5
2016-05-14,73,9
2016-05-15,62,7
2016-05-16,68,7
2016-05-17,67,2
2016-05-18,73,4
2016-05-19,70,6
2016-05-20,64,2
2016-05-21,72,5
2016-05-22,70,6
2016-05-23,75,6
2016-05-24,76,8
2016-05-25,79,6
2016-05-26,80,5
2016-05-27,78,5
2016-05-28,79,6
2016-05-29,82,6
2016-05-30,84,7
2016-05-31,84,5
2016-06-01,81,6
2016-06-02,82,5
2016-06-03,85,7
2016-06-04,82,4
2016-06-05,77,4
2016-06-06,77,3
2016-06-07,82,7
2016-06-08,78,7
2016-06-09,79,7
2016-06-10,85,6
2016-06-11,86,6
2016-06-12,86,5
2016-06-13,89,6
2016-06-14,80,7
2016-06-15,80,5
2016-06-16,85,7
2016-06-17,79,6
2016-06-18,75,2
2016-06-19,77,4
2016-06-20,79,6
2016-06-21,83,7
2016-06-22,84,5
2016-06-23,85,6
2016-06-24,87,6
2016-06-25,92,7
2016-06-26,78,5
2016-06-27,84,7
2016-06-28,79,5
2016-06-29,86,6
2016-06-30,83,6
2016-07-01,85,6
2016-07-02,88,6
2016-07-03,88,7
2016-07-04,88,6
2016-07-05,79,4
2016-07-06,75,15
2016-07-07,84,6
2016-07-08,88,5
2016-07-09,87,5
2016-07-10,83,6
2016-07-11,80,6
2016-07-12,82,6
2016-07-13,84,6
2016-07-14,85,7
2016-07-15,83,5
2016-07-16,83,4
2016-07-17,84,6
2016-07-18,85,5
2016-07-19,84,7
2016-07-20,87,7
2016-07-21,82,5
2016-07-22,82,8
2016-07-23,85,4
2016-07-24,88,6
2016-07-25,89,6
2016-07-26,88,6
2016-07-27,83,5
2016-07-28,82,4
2016-07-29,85,6
2016-07-30,75,16
2016-07-31,80,6
2016-08-01,81,5
2016-08-02,80,5
2016-08-03,82,7
2016-08-04,84,4
2016-08-05,83,5
2016-08-06,87,6
2016-08-07,85,5
2016-08-08,82,4
2016-08-09,80,3
2016-08-10,79,4
2016-08-11,83,4
2016-08-12,84,5
2016-08-13,82,5
2016-08-14,86,5
2016-08-15,85,5
2016-08-16,84,3
2016-08-17,86,6
2016-08-18,84,7
2016-08-19,81,6
2016-08-20,82,3
2016-08-21,79,4
2016-08-22,82,5
2016-08-23,85,5
2016-08-24,78,3
2016-08-25,84,5
2016-08-26,87,4
2016-08-27,85,5
2016-08-28,84,5
2016-08-29,83,4
2016-08-30,84,4
2016-08-31,86,5
2016-09-01,84,6
2016-09-02,77,2
2016-09-03,75,3
2016-09-04,79,6
2016-09-05,81,5
2016-09-06,83,6
2016-09-07,85,7
2016-09-08,84,7
2016-09-09,84,7
2016-09-10,84,6
2016-09-11,83,5
2016-09-12,81,5
2016-09-13,79,5
2016-09-14,82,6
2016-09-15,85,6
2016-09-16,82,5
2016-09-17,79,5
2016-09-18,75,1
2016-09-19,79,6
2016-09-20,81,5
2016-09-21,83,6
2016-09-22,81,6
2016-09-23,82,6
2016-09-24,85,6
2016-09-25,84,7
2016-09-26,81,5
2016-09-27,80,6
2016-09-28,78,7
2016-09-29,71,6
2016-09-30,66,7
2016-10-01,71,7
2016-10-02,74,7
2016-10-03,77,8
2016-10-04,77,6
2016-10-05,74,7
2016-10-06,71,7
2016-10-07,72,3
2016-10-08,77,4
2016-10-09,70,10
2016-10-10,68,7
2016-10-11,65,8
2016-10-12,66,9
2016-10-13,73,8
2016-10-14,72,6
2016-10-15,71,4
2016-10-16,72,5
2016-10-17,75,6
2016-10-18,76,7
2016-10-19,79,7
2016-10-20,79,7
2016-10-21,64,2
2016-10-22,58,7
2016-10-23,65,10
2016-10-24,71,9
2016-10-25,69,7
2016-10-26,66,7
2016-10-27,73,6
2016-10-28,76,7
2016-10-29,76,8
2016-10-30,77,8
2016-10-31,78,8
2016-11-01,74,7
2016-11-02,70,4
2016-11-03,76,6
2016-11-04,75,4
2016-11-05,65,5
2016-11-06,66,6
2016-11-07,66,6
2016-11-08,61,4
2016-11-09,64,4
2016-11-10,61,8
2016-11-11,61,7
2016-11-12,59,2
2016-11-13,51,1
2016-11-14,58,8
2016-11-15,62,7
2016-11-16,65,7
2016-11-17,70,8
2016-11-18,72,8
2016-11-19,57,1
2016-11-20,48,6
2016-11-21,53,7
2016-11-22,57,6
2016-11-23,60,7
2016-11-24,67,6
2016-11-25,67,6
2016-11-26,53,6
2016-11-27,53,7
2016-11-28,58,7
2016-11-29,61,4
2016-11-30,66,3
2016-12-01,52,5
2016-12-02,53,6
2016-12-03,51,4
2016-12-04,44,0
2016-12-05,49,2
2016-12-06,56,3
2016-12-07,54,5
2016-12-08,45,1
2016-12-09,37,5
2016-12-10,41,7
2016-12-11,43,4
2016-12-12,58,4
2016-12-13,51,0
2016-12-14,50,4
2016-12-15,40,3
2016-12-16,40,6
2016-12-17,49,8
2016-12-18,54,7
2016-12-19,40,3
2016-12-20,44,2
2016-12-21,51,9
2016-12-22,60,4
2016-12-23,54,6
2016-12-24,61,8
2016-12-25,67,6
2016-12-26,57,0
2016-12-27,66,4
2016-12-28,58,6
2016-12-29,57,2
2016-12-30,45,4
2016-12-31,43,2
2017-01-01,48,1
2017-01-02,54,1
2017-01-03,61,1
2017-01-04,50,1
2017-01-05,46,8
2017-01-06,34,1
2017-01-07,25,3
2017-01-08,27,6
2017-01-09,38,5
2017-01-10,47,9
2017-01-11,63,5
2017-01-12,64,7
2017-01-13,68,5
2017-01-14,69,6
2017-01-15,67,7
2017-01-16,63,5
2017-01-17,68,6
2017-01-18,65,2
2017-01-19,67,5
2017-01-20,67,3
2017-01-21,59,2
2017-01-22,59,1
2017-01-23,52,2
2017-01-24,53,5
2017-01-25,63,8
2017-01-26,54,2
2017-01-27,42,3
2017-01-28,46,6
2017-01-29,46,5
2017-01-30,48,7
2017-01-31,62,9
2017-02-01,63,5
2017-02-02,60,5
2017-02-03,51,3
2017-02-04,43,5
2017-02-05,45,5
2017-02-06,59,7
2017-02-07,62,2
2017-02-08,61,3
2017-02-09,44,3
2017-02-10,53,10
2017-02-11,63,4
2017-02-12,68,2
2017-02-13,58,7
2017-02-14,63,9
2017-02-15,52,4
2017-02-16,51,7
2017-02-17,61,7
2017-02-18,55,3
2017-02-19,60,4
2017-02-20,66,6
2017-02-21,63,3
2017-02-22,65,3
2017-02-23,67,7
2017-02-24,71,6
2017-02-25,61,2
2017-02-26,53,8
2017-02-27,52,2
2017-02-28,64,5
2017-03-01,72,5
2017-03-02,52,4
2017-03-03,53,5
2017-03-04,54,7
2017-03-05,60,6
2017-03-06,65,4
2017-03-07,64,4
2017-03-08,62,6
2017-03-09,66,9
2017-03-10,63,5
2017-03-11,52,4
2017-03-12,41,2
2017-03-13,39,1
2017-03-14,41,1
2017-03-15,35,5
2017-03-16,43,10
2017-03-17,54,8
2017-03-18,60,5
2017-03-19,54,7
2017-03-20,63,11
2017-03-21,77,9
2017-03-22,60,3
2017-03-23,58,5
2017-03-24,63,7
2017-03-25,68,6
2017-03-26,70,6
2017-03-27,69,5
2017-03-28,72,6
2017-03-29,75,7
2017-03-30,73,6
2017-03-31,67,4
2017-04-01,67,8
2017-04-02,71,9
2017-04-03,64,3
2017-04-04,71,7
2017-04-05,63,1
2017-04-06,53,1
2017-04-07,56,5
2017-04-08,60,9
2017-04-09,68,9
2017-04-10,70,8
2017-04-11,72,7
2017-04-12,73,6
2017-04-13,75,6
2017-04-14,74,6
2017-04-15,73,6
2017-04-16,73,6
2017-04-17,73,4
2017-04-18,74,4
2017-04-19,72,5
2017-04-20,74,6
2017-04-21,78,5
2017-04-22,76,5
2017-04-23,63,1
2017-04-24,57,3
2017-04-25,69,6
2017-04-26,73,6
2017-04-27,71,4
2017-04-28,76,5
2017-04-29,80,5
2017-04-30,75,4
2017-05-01,69,3
2017-05-02,70,8
2017-05-03,75,8
2017-05-04,63,3
2017-05-05,50,1
2017-05-06,60,10
2017-05-07,63,6
2017-05-08,69,8
2017-05-09,77,8
2017-05-10,78,7
2017-05-11,78,6
2017-05-12,73,5
2017-05-13,71,4
2017-05-14,74,6
2017-05-15,80,7
2017-05-16,82,7
2017-05-17,80,7
2017-05-18,81,5
2017-05-19,81,6
2017-05-20,77,5
2017-05-21,74,4
2017-05-22,73,2
2017-05-23,68,2
2017-05-24,71,4
2017-05-25,64,5
2017-05-26,75,7
2017-05-27,77,5
2017-05-28,74,7
2017-05-29,75,4
2017-05-30,71,2
2017-05-31,76,5
2017-06-01,77,5
2017-06-02,80,6
2017-06-03,80,4
2017-06-04,74,2
2017-06-05,75,3
2017-06-06,75,2
2017-06-07,73,4
2017-06-08,73,4
2017-06-09,77,5
2017-06-10,79,5
2017-06-11,78,5
2017-06-12,79,3
2017-06-13,80,4
2017-06-14,82,5
2017-06-15,81,6
2017-06-16,77,6
2017-06-17,79,5
2017-06-18,75,3
2017-06-19,80,4
2017-06-20,73,1
2017-06-21,74,2
2017-06-22,76,3
2017-06-23,81,5
2017-06-24,77,2
2017-06-25,73,3
2017-06-26,78,6
2017-06-27,78,5
2017-06-28,80,6
2017-06-29,75,4
2017-06-30,75,2
2017-07-01,79,4
2017-07-02,81,5
2017-07-03,78,5
2017-07-04,79,6
2017-07-05,83,6
2017-07-06,83,4
2017-07-07,85,4
2017-07-08,80,5
2017-07-09,82,5
2017-07-10,83,5
2017-07-11,81,4
2017-07-12,81,6
2017-07-13,85,4
2017-07-14,85,4
2017-07-15,82,4
2017-07-16,76,3
2017-07-17,80,5
2017-07-18,81,5
2017-07-19,86,6
2017-07-20,86,6
2017-07-21,86,5
2017-07-22,81,4
2017-07-23,85,5
2017-07-24,81,5
2017-07-25,82,4
2017-07-26,85,6
2017-07-27,81,5
2017-07-28,79,3
2017-07-29,82,5
2017-07-30,79,5
2017-07-31,80,6
2017-08-01,80,5
2017-08-02,79,4
2017-08-03,78,3
2017-08-04,78,5
2017-08-05,81,5
2017-08-06,79,3
2017-08-07,78,3
2017-08-08,72,1
2017-08-09,74,2
2017-08-10,78,3
2017-08-11,81,4
2017-08-12,82,4
2017-08-13,84,4
2017-08-14,85,5
2017-08-15,83,4
2017-08-16,84,5
2017-08-17,85,3
2017-08-18,84,4
2017-08-19,82,5
2017-08-20,86,5
2017-08-21,86,4
2017-08-22,86,5
2017-08-23,83,4
2017-08-24,81,7
2017-08-25,80,3
2017-08-26,80,3
2017-08-27,79,3
2017-08-28,74,3
2017-08-29,76,4
2017-08-30,71,0
2017-08-31,75,3
2017-09-01,77,2
2017-09-02,75,6
2017-09-03,76,6
2017-09-04,79,6
2017-09-05,78,4
2017-09-06,67,4
2017-09-07,69,7
2017-09-08,72,6
2017-09-09,73,5
2017-09-10,67,3
2017-09-11,60,1
2017-09-12,61,1
2017-09-13,68,5
2017-09-14,74,4
2017-09-15,77,5
2017-09-16,79,5
2017-09-17,81,6
2017-09-18,80,6
2017-09-19,81,7
2017-09-20,82,6
2017-09-21,81,5
2017-09-22,81,5
2017-09-23,80,5
2017-09-24,78,4
2017-09-25,80,4
2017-09-26,81,5
2017-09-27,82,7
2017-09-28,82,7
2017-09-29,81,6
2017-09-30,76,4
2017-10-01,66,5
2017-10-02,67,6
